{
  "original_rows": 5000,
  "original_columns": 20,
  "missing_values_total": 0,
  "columns_with_missing": 0,
  "average_loss_ratio": 1.5151942978826403,
  "min_loss_ratio": 0.5953730450954696,
  "max_loss_ratio": 5.935582254512863
}