{
  "total_records": 5000,
  "total_premium": 55092695.349999994,
  "total_claims": 59527064.09317133,
  "loss_ratio": 1.0804892321023705,
  "analysis_date": "2025-12-07 00:42:50"
}